actual_enrolled_paid_university,predicted_enrolled_paid_university,actual_all_enrolled_paid,predicted_all_enrolled_paid,actual_demand_university,predicted_demand_university,actual_demand_program,predicted_demand_program
[ 238   22  912 ...  738 1162  527],[1393.7338   342.       997.9826  ...  342.       391.93457  907.4307 ],,,,,,
,,[192147 193264 192147 ... 177202 193264 177202],[192318.86 193713.12 192329.02 ... 177317.   192986.89 177317.  ],,,,
,,,,[0.00123864 0.00011383 0.00474637 ... 0.00416474 0.0060125  0.00297401],[0.00514174 0.00192559 0.00501106 ... 0.00196152 0.00212221 0.00504562],,
,,,,,,[0.50420168 0.13636364 0.03399123 ... 0.02168022 0.00430293 0.02466793],[0.10754733 0.07251818 0.07554529 ... 0.19841015 0.08836386 0.06088551]
