,MAE,MSE,RMSE,R²,MAPE
enrolled_paid_university,385.64190673828125,319980.34375,565.6680508478448,0.44765031337738037,553.9446242861981
all_enrolled_paid,1217.7547607421875,3302136.75,1817.1782383684877,0.9633327126502991,0.6685605654115443
demand_university,0.0022572932535181497,1.282976916771314e-05,0.00358186671551485,0.253063229714088,552.1237060078564
demand_program,0.12139827184894088,0.046269083348278145,0.21510249498385217,0.16354047581910436,412.5266120257738
